n,i,total_comparisons,elapsed_seconds
5,2,4,0.000298
6,2,5,0.000655
7,2,6,0.001639
8,2,7,0.005784
9,2,8,0.019723
10,2,9,0.070779
11,2,10,0.227815
12,2,11,0.737733
13,2,12,2.470910
14,2,13,7.329027
15,2,14,23.028298
16,2,15,76.688614

7,3,6,0.002936
8,3,7,0.020714
9,3,8,0.172125
10,3,9,1.122408
11,3,10,8.567681
12,3,11,48.654513
13,3,12,286.460967
14,3,13,1568.125934
15,3,14,7923.455204

