n,i,total_comparisons,elapsed_seconds
5,2,6,0.000358
6,2,8,0.000970
7,2,9,0.003211
8,2,11,0.013541
9,2,12,0.059035
10,2,13,0.209097
11,2,14,0.753439
12,2,15,2.942461
13,2,16,10.504871
14,2,17,35.121998
15,2,18,126.797311
16,2,19,412.716397

7,3,10,0.006644
8,3,11,0.050893
9,3,13,0.372794
10,3,14,2.637711
11,3,15,18.021379
12,3,16,120.315197
13,3,17,794.583617
14,3,18,4493.319393
15,3,19,28799.848429

