n,i,total_comparisons,elapsed_seconds
5,2,4,0.000964
6,2,5,49.888200
7,2,6,0.004942
8,2,7,0.015117
9,2,8,0.053242
10,2,9,0.156239
11,2,10,0.502230
12,2,11,1.708777
13,2,12,26.455472
14,2,13,20.133563
15,2,14,59.901384
16,2,15,192.358461
