n,i,total_comparisons,elapsed_seconds
5,2,4,0.000292
6,2,5,0.000551
7,2,6,0.001187
8,2,7,0.003153
9,2,8,0.010521
10,2,9,0.029173
11,2,10,0.096045
12,2,11,0.278518
13,2,12,0.864281
14,2,13,2.412486
15,2,14,7.175351
16,2,15,19.712309

7,3,6,0.001520
8,3,7,0.003943
9,3,8,0.016709
10,3,9,0.069233
11,3,10,0.302670
12,3,11,1.261831
13,3,12,5.511315
14,3,13,21.633947
15,3,14,95.894009


