n,i,total_comparisons,elapsed_seconds
5,2,4,0.001605
6,2,5,0.001628
7,2,6,0.003017
8,2,7,0.008210
9,2,8,0.019955
10,2,9,0.065116
11,2,10,0.180963
12,2,11,0.520878
13,2,12,1.568026
14,2,13,4.430418
15,2,14,13.873301
16,2,15,37.237633

7,3,6,0.001292
8,3,7,0.003995
9,3,8,0.017773
10,3,9,0.071639
11,3,10,0.316662
12,3,11,1.275021
13,3,12,5.615055
14,3,13,22.729736
15,3,14,95.894009
