n,i,total_comparisons,elapsed_seconds
5,2,6,0.000355
6,2,7,0.000955
7,2,8,0.002796
8,2,9,0.011013
9,2,10,0.043332
10,2,11,0.154617
11,2,12,0.563003
12,2,13,1.929459
13,2,14,6.213287
14,2,15,20.817686
15,2,16,68.095997
16,2,17,218.113026

7,3,8,0.004532
8,3,9,0.033296
9,3,10,0.256608
10,3,11,1.685042
11,3,12,10.846945
12,3,13,58.241596
13,3,14,329.385314
14,3,15,1568.485459
15,3,16,8552.588230


