n,i,total_comparisons,elapsed_seconds
5,2,4,0.000304
6,2,5,0.000693
7,2,6,0.001605
8,2,7,0.005529
9,2,8,0.020829
10,2,9,0.067817
11,2,10,0.231622
12,2,11,0.729177
13,2,12,2.420609
14,2,13,7.640083
15,2,14,24.263351
16,2,15,70.679266

7,3,6,0.002790
8,3,7,0.019218
9,3,8,0.163583
10,3,9,1.027316
11,3,10,8.315502
12,3,11,47.379039
13,3,12,275.803073
14,3,13,1598.255128
15,3,14,8221.266818


